date,id
12/22/2025,4582_Tri_green
12/22/2025,5865_Tri_orange
12/22/2025,1374_Tri_white
12/22/2025,5722_Tri_purple_blue
12/22/2025,4576_Tri_yellow
12/22/2025,5771_Tri_blue
12/22/2025,5267_Tri_pink
12/22/2025,2941_Tri_purple
12/22/2025,2131_Tri_purple
12/22/2025,4934_Tri_green
12/22/2025,4777-C_Tri_yellow
12/22/2025,392_Tri_blue
12/22/2025,4777-A_Tri_pink
12/22/2025,4149_Tri_red
12/22/2025,1686_Tri_green
12/22/2025,4547_Tri_purple
12/22/2025,1827_Tri_yellow
12/22/2025,3371_Tri_blue
12/22/2025,2547_Tri_pink
12/22/2025,2996A1_Tri_red
12/22/2025,1851_Tri_orange
12/22/2025,5877_Tri_orange
12/22/2025,3031_Tri_white
12/22/2025,6875_Tri_white
12/22/2025,5060_Tri_red_blue
12/22/2025,4444(2988)_Tri_red_blue
12/22/2025,916_Tri_green_blue
12/22/2025,1184(5226)_Tri_yellow
12/22/2025,3708_Tri_blue
12/22/2025,7147_Tri_pink
12/22/2025,3043_Tri_purple
12/22/2025,972_Tri_purple
12/22/2025,4000_Tri_red
12/22/2025,5115_Tri_pink
12/22/2025,2379_Tri_purple
12/22/2025,2289_Tri_green
12/22/2025,774_Tri_yellow
12/22/2025,5229_white_Tri_blue
12/22/2025,2703_Tri_pink
12/22/2025,5229_red_Tri_red
12/23/2025,452_Tri_blue
12/23/2025,4942_Tri_pink
12/23/2025,4712_Tri_red
12/23/2025,4109_Tri_red
12/23/2025,1975_Tri_purple
12/23/2025,7574_Tri_green
12/23/2025,2416_Tri_green_blue
12/23/2025,902_Tri_orange
12/23/2025,2980_Tri_white
12/23/2025,4714_Tri_yellow
12/23/2025,1666_Tri_pink
12/23/2025,flag3_tri_Tri_red
12/23/2025,5641_Tri_purple
12/23/2025,2886_Tri_green
12/23/2025,4081_Tri-green
12/23/2025,43_Tri_pink_blue
12/23/2025,5852_Tri_orange
12/23/2025,5619_Tri_white
12/23/2025,3829_Tri_yellow
12/23/2025,4505_Tri_blue
12/23/2025,3379_Tri_blue_blue
12/23/2025,5714_Tri_orange_blue
12/23/2025,4177_Tri_orange
12/23/2025,6507_Tri_white
12/23/2025,5436_Tri_orange
12/23/2025,3071_Tri_yellow
12/23/2025,2382_Tri_blue
12/23/2025,2996A2_Tri_red
12/23/2025,5626_Tri_green
12/23/2025,4777-B_Tri_orange_blue
12/23/2025,flag1_tri_Tri_orange
12/23/2025,583_Tri_white
12/23/2025,6894_Tri_yellow
12/23/2025,1669_Tri_blue
12/23/2025,2573_Tri_pink
12/23/2025,6885_Tri_red
12/23/2025,4543(5232)_Tri_purple
12/23/2025,6881_Tri_green
12/23/2025,989_Tri_orange
12/23/2025,5742_Tri_yellow
12/23/2025,6558_Tri_blue
12/23/2025,flag2_tri_Tri_pink
12/23/2025,5228_Tri_red
12/23/2025,1926_Tri_purple
12/23/2025,4431_Tri_green
12/23/2025,2276_Tri_purple_blue
12/23/2025,5040_Tri_orange
12/23/2025,5031_Tri_white
12/23/2025,684_Tri_yellow
12/23/2025,5403_Tri_white
12/23/2025,6887_Tri_yellow
12/23/2025,978_Tri_blue
12/23/2025,4373_Tri_pink
12/23/2025,86_Tri_pink
12/23/2025,2329_Tri_red
12/23/2025,614_Tri_purple
12/23/2025,4959_Tri_green
12/23/2025,4760_Tri_pink_blue
12/23/2025,7120_Tri_blue_blue
12/24/2025,3004_Tri_orange
12/24/2025,1647_Tri_white
12/24/2025,3309_Tri_yellow
12/24/2025,2074_Tri_blue
12/24/2025,3077_Tri_pink
12/24/2025,632_Tri_red
12/24/2025,1750_Tri_red
12/24/2025,4414_Tri_purple
12/24/2025,3526_Tri_green
12/24/2025,5488_Tri_yellow_blue
12/24/2025,9145_Tri_orange
12/24/2025,3305_Tri_white
12/24/2025,2927_Tri_orange
12/24/2025,6879_Tri_white
12/24/2025,5904_Tri_orange
12/24/2025,2563_Tri_white
12/24/2025,2988_Tri_yellow
12/24/2025,4511_Tri_blue
12/24/2025,4452_Tri_pink
12/24/2025,4265_Tri_red
12/24/2025,3563_Tri_purple
12/24/2025,4745_Tri_green
12/24/2025,3427_Tri_green
12/24/2025,5381_Tri_white_blue
12/24/2025,552_Tri_orange
12/24/2025,4990_Tri_white
12/24/2025,827_Tri_yellow
12/24/2025,482_Tri_blue
12/24/2025,955_Tri_pink
12/24/2025,2996A3_Tri_red
12/24/2025,4105_Tri_purple
12/24/2025,2912_Tri_white_blue
